1,5,218
0,2,-1
1,3,1654
2,4,8
3,5,203
0,4,219
7,12,19
6,8,203
3,7,9
8,10,1656
9,11,-1
10,12,-1
6,11,13
12,22,-1
15,30,32
14,16,223
15,17,28
16,18,221
17,19,202
6,18,20
19,21,28
20,22,26
13,21,23
22,24,-1
23,25,1653
24,26,205
21,25,27
26,28,29
16,20,27
27,30,204
14,29,50
32,47,201
14,31,33
32,34,48
33,35,50
34,36,52
35,37,49
36,38,41
37,39,58
38,40,149
39,41,148
37,40,42
41,43,174
42,44,49
43,45,168
44,46,167
45,47,175
31,46,48
33,47,49
36,43,48
30,34,51
50,52,225
35,51,59
54,57,149
53,55,58
54,56,61
55,57,160
53,56,152
38,54,59
52,58,60
59,61,62
55,60,69
60,63,67
62,64,225
63,65,206
64,66,-1
65,67,-1
62,66,70
69,72,160
61,68,70
67,69,71
70,72,-1
68,71,73
72,74,158
73,75,-1
74,76,-1
75,77,157
76,78,-1
77,79,-1
78,80,156
79,81,90
80,82,1658
81,83,-1
82,89,226
85,89,1652
84,86,109
85,87,1651
86,88,93
87,89,90
83,84,88
80,88,91
90,92,155
91,93,131
87,92,96
95,129,139
94,96,130
93,95,97
96,124,1651
99,115,382
98,100,116
99,104,128
102,114,390
101,103,389
102,104,115
100,103,105
104,106,114
105,107,110
106,108,128
107,109,127
85,108,110
106,109,111
110,112,1652
111,113,230
112,114,395
101,105,113
98,103,383
99,117,121
116,118,1216
117,119,1215
118,120,1213
119,122,1640
116,122,125
120,121,123
122,124,129
97,123,126
121,126,128
124,125,127
108,126,1651
100,107,125
94,123,140
95,131,135
92,130,132
131,133,154
132,134,152
133,135,151
130,134,139
137,140,1198
136,138,1644
137,139,141
94,135,138
129,136,1199
138,142,151
141,143,1644
142,144,147
143,145,173
144,146,172
145,148,174
143,148,150
40,146,147
39,53,150
147,149,151
134,141,150
57,133,153
152,154,159
132,153,155
91,154,156
79,155,157
76,156,158
73,157,159
153,158,160
56,68,159
162,172,173
161,163,1188
162,164,1185
163,171,1648
166,171,177
165,167,176
45,166,168
44,167,169
168,170,174
169,171,172
164,165,170
145,161,170
144,161,1642
42,146,169
46,179,200
166,178,180
165,178,1648
176,177,1054
175,180,188
176,179,185
182,186,1053
181,183,1650
182,184,191
183,185,187
180,184,186
181,185,1054
184,188,189
179,187,200
187,190,197
189,191,194
183,190,192
191,193,1650
192,194,-1
190,193,195
194,196,-1
195,197,207
189,196,198
197,199,224
198,200,201
175,188,199
31,199,222
18,203,220
4,7,202
29,205,225
25,204,206
64,205,1653
196,208,-1
207,209,211
208,212,-1
211,215,224
208,210,212
209,211,213
212,214,216
213,215,220
210,214,221
213,217,219
216,218,-1
0,217,-1
5,216,220
202,214,219
17,215,223
201,223,224
15,221,222
198,210,222
51,63,204
83,227,1659
226,228,-1
227,229,1652
228,230,1660
112,229,231
230,232,-1
231,233,-1
232,234,395
233,235,-1
234,236,392
235,237,-1
236,238,255
237,239,-1
238,242,-1
241,254,261
240,242,255
239,241,243
242,244,-1
243,245,254
244,246,-1
245,249,-1
248,252,264
247,249,253
246,248,250
249,251,-1
250,252,274
247,251,273
248,254,263
240,244,253
237,241,256
255,260,393
258,370,374
257,259,377
258,260,375
256,259,261
240,260,374
263,362,374
253,262,264
247,263,265
264,268,373
267,271,322
266,268,372
265,267,269
268,270,272
269,271,284
266,270,315
269,273,283
252,272,276
251,275,-1
274,276,-1
273,275,277
276,278,-1
277,279,283
278,280,-1
279,281,-1
280,282,1639
281,283,284
272,278,282
270,282,285
284,286,314
285,287,311
286,288,1639
287,289,-1
288,290,-1
289,291,310
290,292,-1
291,293,-1
292,294,308
293,295,-1
294,296,-1
295,297,306
296,298,-1
297,299,-1
298,305,1620
301,305,1622
300,302,1603
301,303,1601
302,304,1616
303,305,306
299,300,304
296,304,307
306,308,1617
293,307,309
308,310,1619
290,309,311
286,310,312
311,313,1637
312,314,399
285,313,315
271,314,316
315,317,321
316,318,398
317,319,1635
318,320,465
319,321,325
316,320,322
266,321,323
322,324,371
323,329,361
320,326,329
325,327,464
326,328,333
327,329,330
324,325,328
328,332,360
332,338,339
330,331,333
327,332,334
333,335,1636
334,336,1364
335,337,567
336,338,566
331,337,1238
331,344,1274
341,359,379
340,342,378
341,343,367
342,344,360
339,343,345
344,353,359
347,353,1274
346,348,1237
347,349,1229
348,350,1236
349,351,1219
350,352,1218
351,353,354
345,346,352
352,355,358
354,356,1223
355,357,1214
356,358,380
354,357,359
340,345,358
330,343,361
324,360,366
262,363,370
362,364,373
363,365,368
364,366,371
361,365,367
342,366,368
364,367,369
368,370,378
257,362,369
323,365,372
267,371,373
265,363,372
257,261,262
259,376,394
375,377,389
258,376,386
341,369,387
340,380,388
357,379,381
380,382,383
98,381,1216
115,381,384
383,385,388
384,386,389
377,385,387
378,386,388
379,384,387
102,376,385
101,391,394
390,392,395
235,391,393
256,392,394
375,390,393
113,233,391
402,409,468
398,402,1635
317,397,399
313,398,400
399,401,1637
400,402,403
396,397,401
401,404,409
403,405,1618
404,406,1616
405,407,1615
406,408,410
407,409,435
396,403,408
407,411,436
410,418,1615
413,432,613
412,414,1638
413,415,439
414,416,419
415,417,437
416,418,436
411,417,419
415,418,420
419,421,433
420,422,1600
421,423,427
422,424,1602
423,425,1605
424,426,1613
425,427,1596
422,426,428
427,429,433
428,430,1595
429,431,1614
430,432,614
412,431,433
420,428,432
435,448,467
408,434,436
410,417,435
416,438,449
437,439,443
414,438,440
439,441,1504
440,442,586
441,443,470
438,442,444
443,445,449
444,446,1634
445,447,450
446,448,459
434,447,449
437,444,448
446,451,1633
450,455,576
453,458,463
452,454,462
453,455,459
451,454,456
455,457,576
456,458,575
452,457,1365
447,454,460
459,462,467
462,465,466
453,460,461
452,464,1636
326,463,465
319,461,464
461,468,1635
434,460,468
396,466,467
470,582,1634
442,469,585
472,609,622
471,473,478
472,474,624
473,479,676
476,484,701
475,477,480
476,478,485
472,477,479
474,478,480
476,479,481
480,482,668
481,483,744
482,484,747
475,483,677
477,486,702
485,487,707
486,488,609
487,489,741
488,490,608
489,491,606
490,492,499
491,493,741
492,500,742
495,498,587
494,496,597
495,497,499
496,498,501
494,497,588
491,496,500
493,499,502
497,502,591
500,501,503
502,504,506
503,505,740
504,507,736
503,507,592
505,506,508
507,509,1360
508,510,1361
509,512,520
512,593,596
510,511,513
512,514,518
513,515,596
514,516,573
515,517,572
516,518,560
513,517,519
518,520,548
510,519,521
520,522,1361
521,523,536
522,524,532
523,525,1361
524,526,1360
525,527,732
526,528,531
527,529,728
528,530,726
529,531,1247
527,530,532
523,531,537
534,547,557
533,535,538
534,536,548
522,535,537
532,536,538
534,537,539
538,540,543
539,541,1247
540,542,1246
541,544,1271
539,544,547
542,543,545
544,546,1098
545,547,550
533,543,546
519,535,549
548,557,560
546,551,1097
550,552,555
551,553,1094
552,554,1241
553,555,1270
551,554,556
555,557,558
533,549,556
556,559,1270
558,560,561
517,549,559
559,562,572
561,563,569
562,564,1239
563,565,568
564,566,1242
337,565,1237
336,568,1362
564,567,569
562,568,570
569,571,1362
570,572,574
516,561,571
515,574,577
571,573,575
457,574,1363
451,456,577
573,576,579
579,595,596
577,578,580
579,581,1633
580,582,595
469,581,583
582,584,589
583,585,588
470,584,586
441,585,587
494,586,1358
498,584,590
583,590,594
588,589,591
501,590,592
506,591,593
511,592,594
589,593,595
578,581,594
511,514,578
495,598,606
597,599,1359
598,600,604
599,601,610
600,602,619
601,603,1631
602,604,620
599,603,605
604,606,607
490,597,605
605,608,621
489,607,609
471,487,608
600,611,618
610,612,1359
611,613,1638
412,612,615
431,615,1599
613,614,616
615,617,1589
616,618,1588
610,617,619
601,618,1632
603,621,1275
607,620,622
471,621,623
622,625,1281
473,625,675
623,624,626
625,627,674
626,628,659
627,629,1281
628,630,1276
629,658,1337
632,636,658
631,633,1337
632,634,1336
633,635,1335
634,636,640
631,635,637
636,638,656
637,639,648
638,640,644
635,639,641
640,642,1334
641,643,1303
642,644,1332
639,643,645
644,646,1538
645,647,-1
646,648,-1
638,647,649
648,650,-1
649,651,1539
650,652,656
651,653,1541
652,654,662
653,655,660
654,656,657
637,651,655
655,658,659
630,631,657
627,657,660
654,659,661
660,666,674
653,663,666
662,664,1544
663,665,1355
664,666,671
661,662,665
668,672,1357
481,667,669
668,670,676
669,671,673
665,670,672
667,671,1354
670,674,675
626,661,673
624,673,676
474,669,675
484,678,690
677,679,689
678,680,747
679,687,1392
682,687,837
681,683,836
682,684,750
683,685,763
684,686,749
685,687,688
680,681,686
686,689,748
678,688,691
677,691,700
689,690,695
693,699,716
692,694,710
693,695,700
691,694,696
695,697,748
696,698,765
697,699,776
692,698,713
690,694,701
475,700,702
485,701,709
704,708,711
703,705,743
704,706,742
705,707,741
486,706,708
703,707,709
702,708,710
693,709,712
703,712,739
710,711,716
699,714,1382
713,715,1378
714,716,717
692,712,715
715,718,739
717,719,1380
718,720,733
719,730,1381
722,727,731
721,723,779
722,724,1251
723,725,1249
724,726,1248
529,725,727
721,726,728
528,727,729
728,730,732
720,729,731
721,730,777
526,729,733
719,732,734
733,735,738
734,736,1360
505,735,737
736,738,743
734,737,739
711,717,738
504,742,743
488,492,706
493,705,740
704,737,740
482,745,1357
744,746,1348
745,747,1393
483,679,746
688,696,749
685,748,765
683,751,763
750,752,1390
751,755,1389
754,761,766
753,755,762
752,754,756
755,757,760
756,758,828
757,759,827
758,760,1387
756,759,761
753,760,1385
754,763,764
684,750,762
762,765,766
697,749,764
753,764,767
766,768,775
767,774,1385
770,774,1386
769,771,797
770,772,1374
771,773,1384
772,774,775
768,769,773
767,773,776
698,775,1382
731,778,1375
777,779,794
722,778,1252
781,789,955
780,782,808
781,783,787
782,784,903
783,785,901
784,786,934
785,787,957
782,786,788
787,789,790
780,788,799
788,791,957
790,792,1373
791,793,800
792,794,1253
778,793,795
794,796,800
795,797,1374
770,796,798
797,799,801
789,798,800
792,795,799
798,802,955
801,803,1387
802,804,956
803,805,827
804,806,815
805,807,956
806,809,814
781,809,904
807,808,810
809,812,908
812,895,897
810,811,813
812,814,820
807,813,815
805,814,816
815,821,826
818,879,882
817,819,822
818,820,880
813,819,821
816,820,822
818,821,823
822,825,878
825,828,829
823,824,826
816,825,827
758,804,826
757,824,1389
824,830,878
829,831,1388
830,832,873
831,833,1391
832,834,876
833,835,845
834,836,838
682,835,1390
681,838,1397
835,837,844
840,844,1396
839,841,1412
840,842,1413
841,843,848
842,844,845
838,839,843
834,843,846
845,847,854
846,848,851
842,847,849
848,850,1448
849,851,1447
847,850,852
851,853,1450
852,855,1463
846,855,876
853,854,856
855,857,875
856,858,1463
857,859,870
858,860,1465
859,861,1477
860,862,870
861,863,867
862,864,1503
863,865,1501
864,866,883
865,867,882
862,866,868
867,869,879
868,870,871
858,861,869
869,872,875
871,873,877
831,872,874
873,875,876
856,871,874
833,854,874
872,878,879
823,829,877
817,868,877
819,881,896
880,882,891
817,866,881
865,884,891
883,885,889
884,886,1502
885,887,1481
886,888,1495
887,889,1570
884,888,890
889,891,892
881,883,890
890,893,896
892,894,958
893,895,913
811,894,896
880,892,895
811,909,912
899,902,907
898,900,928
899,901,937
784,900,902
898,901,903
783,902,904
808,903,905
904,906,908
905,907,933
898,906,929
810,905,909
897,908,910
909,911,933
910,912,916
897,911,913
894,912,914
913,915,959
914,916,961
911,915,917
916,918,932
917,919,1569
918,920,-1
919,921,-1
920,922,932
921,923,-1
922,924,930
923,925,-1
924,926,-1
925,927,940
926,928,938
899,927,930
907,930,931
923,928,929
929,932,933
917,921,931
906,910,931
785,936,953
936,939,954
934,935,937
900,936,938
927,937,939
935,938,943
926,941,-1
940,942,-1
941,943,966
939,942,944
943,945,954
944,946,967
945,947,982
946,949,1261
949,953,954
947,948,950
949,951,1256
950,952,1373
951,953,957
934,948,952
935,944,948
780,801,956
803,806,955
786,790,952
893,959,1570
914,958,960
959,962,1563
915,962,965
960,961,963
962,964,1568
963,965,-1
961,964,1569
942,968,-1
945,968,972
966,967,969
968,970,-1
969,973,-1
972,976,982
967,971,973
970,972,974
973,975,-1
974,976,983
971,975,977
976,978,981
977,979,986
978,980,1265
979,981,1264
977,980,982
946,971,981
975,984,-1
983,988,-1
986,1370,1372
978,985,987
986,988,998
984,987,989
988,990,-1
989,991,-1
990,992,998
991,993,-1
992,994,-1
993,995,999
994,996,1369
995,997,1106
996,998,1370
987,991,997
994,1001,-1
1001,1140,1369
999,1000,1004
1003,1007,1142
1002,1004,1141
1001,1003,1005
1004,1006,-1
1005,1007,-1
1002,1006,1008
1007,1009,-1
1008,1010,1142
1009,1036,-1
1012,1031,1076
1011,1013,1028
1012,1014,1019
1013,1015,1018
1014,1016,1367
1015,1017,1069
1016,1018,1171
1014,1017,1020
1013,1020,1023
1018,1019,1021
1020,1022,1170
1021,1023,1178
1019,1022,1024
1023,1025,1028
1024,1026,1179
1025,1027,1135
1026,1028,1029
1012,1024,1027
1027,1030,1032
1029,1031,1035
1011,1030,1038
1029,1033,1138
1032,1034,1141
1033,1035,1142
1030,1034,1036
1010,1035,1037
1036,1038,-1
1031,1037,1039
1038,1040,-1
1039,1041,-1
1040,1042,1077
1041,1043,-1
1042,1044,1078
1043,1045,-1
1044,1046,1060
1045,1047,-1
1046,1049,-1
1049,1058,1061
1047,1048,1050
1049,1051,-1
1050,1052,-1
1051,1053,1059
181,1052,-1
178,186,1055
1054,1056,1059
1055,1057,1649
1056,1058,1062
1048,1057,1059
1052,1055,1058
1045,1061,1064
1048,1060,1062
1057,1061,1063
1062,1065,1183
1060,1065,1079
1063,1064,1066
1065,1067,1181
1066,1068,1071
1067,1069,1366
1016,1068,1070
1069,1071,1367
1067,1070,1072
1071,1074,1079
1074,1077,1078
1072,1073,1075
1074,1076,1367
1011,1075,1077
1041,1073,1076
1043,1073,1079
1064,1072,1078
1081,1122,1127
1080,1087,1176
1083,1087,1175
1082,1084,1174
1083,1085,1172
1084,1086,1225
1085,1087,1088
1081,1082,1086
1086,1089,1128
1088,1090,1114
1089,1091,1095
1090,1092,1225
1091,1093,1226
1092,1094,1232
552,1093,1095
1090,1094,1096
1095,1097,1115
550,1096,1098
545,1097,1099
1098,1100,1117
1099,1101,1271
1100,1102,1272
1101,1103,1110
1102,1104,1108
1103,1105,1273
1104,1106,1370
996,1105,1107
1106,1108,1131
1103,1107,1109
1108,1111,1224
1102,1111,1117
1109,1110,1112
1111,1113,1116
1112,1114,1118
1089,1113,1115
1096,1114,1116
1112,1115,1117
1099,1110,1116
1113,1119,1224
1118,1120,1128
1119,1124,1129
1122,1126,1136
1080,1121,1123
1122,1124,1127
1120,1123,1125
1124,1126,1134
1121,1125,1137
1080,1123,1128
1088,1119,1127
1120,1130,1224
1129,1131,1134
1107,1130,1132
1131,1133,1369
1132,1134,1139
1125,1130,1133
1026,1136,1138
1121,1135,1179
1126,1138,1139
1032,1135,1137
1133,1137,1140
1000,1139,1141
1003,1033,1140
1002,1009,1034
1144,1171,1366
1143,1145,1208
1144,1147,1169
1147,1155,1166
1145,1146,1148
1147,1150,1207
1150,1153,1156
1148,1149,1151
1150,1152,1206
1151,1153,1213
1149,1152,1212
1155,1158,1167
1146,1154,1156
1149,1155,1157
1156,1159,1217
1154,1159,1163
1157,1158,1160
1159,1161,1220
1160,1162,1236
1161,1163,1172
1158,1162,1174
1165,1168,1173
1164,1166,1169
1146,1165,1167
1154,1166,1168
1164,1167,1174
1145,1165,1170
1021,1169,1171
1017,1143,1170
1084,1162,1228
1164,1175,1178
1083,1163,1168
1082,1173,1176
1081,1175,1177
1176,1178,1179
1022,1173,1177
1025,1136,1177
1181,1191,1192
1066,1180,1182
1181,1183,1186
1063,1182,1184
1183,1185,1649
163,1184,1186
1182,1185,1187
1186,1188,1191
162,1187,1189
1188,1190,1641
1189,1191,1194
1180,1187,1190
1180,1193,1368
1192,1194,1210
1190,1193,1195
1194,1196,1203
1195,1197,1641
1196,1198,1201
136,1197,1643
140,1200,1640
1199,1201,1645
1197,1200,1202
1201,1203,1646
1195,1202,1204
1203,1205,1210
1204,1206,1647
1151,1205,1207
1148,1206,1208
1144,1207,1209
1208,1210,1368
1193,1204,1209
1212,1215,1222
1153,1211,1217
119,1152,1647
356,1215,1216
118,1211,1214
117,382,1214
1157,1212,1221
351,1219,1223
350,1218,1220
1160,1219,1221
1217,1220,1222
1211,1221,1223
355,1218,1222
1109,1118,1129
1085,1091,1227
1092,1227,1233
1225,1226,1228
1172,1227,1235
348,1230,1234
1229,1231,1242
1230,1232,1241
1093,1231,1233
1226,1232,1234
1229,1233,1235
1228,1234,1236
349,1161,1235
347,566,1238
338,1237,1274
563,1240,1270
1239,1241,1242
553,1231,1240
565,1230,1240
1244,1250,1266
1243,1246,1269
1246,1248,1249
541,1244,1245
530,540,1248
725,1245,1247
724,1245,1250
1243,1249,1259
723,1252,1260
779,1251,1253
793,1252,1254
1253,1255,1373
1254,1256,1260
950,1255,1257
1256,1258,1261
1257,1259,1263
1250,1258,1260
1251,1255,1259
947,1257,1264
1263,1265,1266
1258,1262,1264
980,1261,1263
979,1262,1371
1243,1262,1267
1266,1268,1371
1267,1269,1272
1244,1268,1271
554,558,1239
542,1100,1269
1101,1268,1273
1104,1272,1372
339,346,1238
620,1278,1631
629,1277,1280
1276,1278,1281
1275,1277,1279
1278,1280,1586
1276,1279,1288
623,628,1277
1283,1286,1335
1282,1284,1287
1283,1285,1290
1284,1286,1296
1282,1285,1300
1283,1288,1336
1280,1287,1289
1288,1290,1586
1284,1289,1291
1290,1292,1295
1291,1293,1588
1292,1294,1589
1293,1295,1585
1291,1294,1296
1285,1295,1297
1296,1298,1578
1297,1299,1573
1298,1300,1572
1286,1299,1301
1300,1302,1334
1301,1304,1572
642,1304,1333
1302,1303,1305
1304,1306,1309
1305,1307,1333
1306,1308,1328
1307,1314,1324
1305,1310,1314
1309,1311,1572
1310,1312,1577
1311,1313,1520
1312,1314,1315
1308,1309,1313
1313,1316,1526
1315,1317,1325
1316,1318,1584
1317,1319,-1
1318,1320,1325
1319,1321,-1
1320,1322,1665
1321,1323,-1
1322,1324,1326
1308,1323,1325
1316,1319,1324
1323,1327,-1
1326,1328,-1
1307,1327,1329
1328,1330,-1
1329,1331,1664
1330,1332,1535
643,1331,1333
1303,1306,1332
641,1301,1335
634,1282,1334
633,1287,1337
630,632,1336
1339,1343,1402
1338,1340,1347
1339,1341,1346
1340,1342,1352
1341,1343,1551
1338,1342,1403
1345,1348,1357
1344,1346,1353
1340,1345,1349
1339,1348,1552
745,1344,1347
1346,1350,1353
1349,1351,1356
1350,1352,1549
1341,1351,1550
1345,1349,1354
672,1353,1355
664,1354,1356
1350,1355,1546
667,744,1344
587,1359,1504
598,611,1358
508,525,735
509,521,524
567,570,1363
575,1362,1364
335,1363,1365
458,1364,1636
1068,1143,1368
1015,1070,1075
1192,1209,1366
995,1000,1132
985,997,1105
1265,1267,1372
985,1273,1371
791,951,1254
771,796,1375
777,1374,1377
1377,1379,1384
1375,1376,1381
714,1379,1383
1376,1378,1380
718,1379,1381
720,1377,1380
713,776,1383
1378,1382,1384
772,1376,1383
761,768,1386
769,1385,1387
759,802,1386
830,1389,1391
752,828,1388
751,836,1391
832,1388,1390
680,1393,1397
746,1392,1394
1393,1395,1571
1394,1396,1398
839,1395,1397
837,1392,1396
1395,1399,1412
1398,1401,1571
1401,1410,1411
1399,1400,1402
1338,1401,1552
1343,1404,1662
1403,1405,1410
1404,1406,-1
1405,1407,-1
1406,1408,-1
1407,1409,1416
1408,1410,1415
1400,1404,1409
1400,1412,1415
840,1398,1411
841,1414,1448
1413,1415,1417
1409,1411,1414
1408,1417,-1
1414,1416,1420
1419,1424,1447
1418,1420,1448
1417,1419,1421
1420,1422,-1
1421,1423,-1
1422,1424,-1
1418,1423,1427
1426,1431,1443
1425,1427,1446
1424,1426,1428
1427,1429,-1
1428,1430,-1
1429,1431,-1
1425,1430,1444
1433,1442,1554
1432,1436,-1
1435,1439,1456
1434,1436,1440
1433,1435,1437
1436,1438,-1
1437,1439,1470
1434,1438,1468
1435,1441,1455
1440,1442,1443
1432,1441,1445
1425,1441,1449
1431,1445,1661
1442,1444,1553
1426,1447,1449
850,1418,1446
849,1413,1419
1443,1446,1451
852,1451,1461
1449,1450,1454
1453,1457,1459
1452,1454,1461
1451,1453,1455
1440,1454,1456
1434,1455,1457
1452,1456,1460
1459,1460,1467
1452,1458,1464
1457,1458,1468
1450,1453,1462
1461,1463,1464
853,857,1462
1459,1462,1465
859,1464,1466
1465,1467,1476
1458,1466,1469
1439,1460,1469
1467,1468,1470
1438,1469,1471
1470,1472,1555
1471,1473,1476
1472,1474,1556
1473,1475,1479
1474,1476,1477
1466,1472,1475
860,1475,1503
1479,1501,1503
1474,1478,1480
1479,1483,1558
886,1482,1492
1481,1483,1502
1480,1482,1484
1483,1485,1492
1484,1486,1488
1485,1487,1558
1486,1488,-1
1485,1487,1489
1488,1490,1559
1489,1491,1493
1490,1492,1496
1481,1484,1491
1490,1494,1560
1493,1497,1561
887,1496,1500
1491,1495,1497
1494,1496,1498
1497,1499,1564
1498,1500,1563
1495,1499,1570
864,1478,1502
885,1482,1501
863,1477,1478
440,1358,1638
1506,1580,1592
1505,1509,1534
1508,1512,1531
1507,1509,1534
1506,1508,1510
1509,1511,1598
1510,1512,1626
1507,1511,1513
1512,1514,1630
1513,1515,-1
1514,1516,1531
1515,1517,-1
1516,1518,1529
1517,1519,-1
1518,1523,-1
1312,1521,1526
1520,1522,1576
1521,1523,1527
1519,1522,1524
1523,1525,-1
1524,1526,1583
1315,1520,1525
1522,1528,1575
1527,1529,1532
1517,1528,1530
1529,1531,1532
1507,1515,1530
1528,1530,1533
1532,1534,1581
1506,1508,1533
1331,1536,-1
1535,1537,-1
1536,1538,-1
645,1537,-1
650,1540,-1
1539,1541,-1
652,1540,1542
1541,1543,-1
1542,1544,1663
663,1543,1545
1544,1546,-1
1356,1545,1547
1546,1548,-1
1547,1549,-1
1351,1548,-1
1352,1551,-1
1342,1550,-1
1347,1402,1571
1445,1554,-1
1432,1553,-1
1471,1556,-1
1473,1555,1557
1556,1558,-1
1480,1486,1557
1489,1560,-1
1493,1559,-1
1494,1562,-1
1561,1564,1657
960,1499,1566
1498,1562,1565
1564,1566,-1
1563,1565,1567
1566,1568,-1
963,1567,-1
918,965,-1
888,958,1500
1394,1399,1552
1299,1302,1310
1298,1574,1577
1573,1575,1582
1527,1574,1576
1521,1575,1577
1311,1573,1576
1297,1579,1582
1578,1580,1585
1505,1579,1581
1533,1580,1582
1574,1578,1581
1525,1584,-1
1317,1583,-1
1294,1579,1591
1279,1289,1587
1586,1588,1632
617,1292,1587
616,1293,1590
1589,1591,1599
1585,1590,1592
1505,1591,1593
1592,1594,1598
1593,1595,1614
429,1594,1596
426,1595,1597
1596,1598,1613
1510,1593,1597
614,1590,1614
421,1601,1615
302,1600,1602
423,1601,1603
301,1602,1604
1603,1605,1624
424,1604,1607
1607,1611,1612
1605,1606,1608
1607,1609,1625
1608,1610,-1
1609,1611,-1
1606,1610,1627
1606,1613,1626
425,1597,1612
430,1594,1599
406,411,1600
303,405,1617
307,1616,1618
404,1617,1619
309,1618,1637
299,1621,-1
1620,1622,-1
300,1621,1623
1622,1624,-1
1604,1623,1625
1608,1624,-1
1511,1612,1627
1611,1626,1628
1627,1629,-1
1628,1630,-1
1513,1629,-1
602,1275,1632
619,1587,1631
450,580,1634
445,469,1633
318,397,466
334,463,1365
312,400,1619
413,612,1504
281,287,-1
120,1199,1645
1189,1196,1642
173,1641,1643
1198,1642,1644
137,142,1643
1200,1640,1646
1202,1645,1647
1205,1213,1646
164,177,1649
1056,1184,1648
182,192,-1
86,97,127
84,111,228
24,206,-1
2,1655,-1
1654,1656,-1
9,1655,-1
1562,-1,-1
81,-1,-1
226,-1,-1
229,-1,-1
1444,-1,-1
1403,-1,-1
1543,-1,-1
1330,-1,-1
1321,-1,-1
